feature	codon	aminoAcid	numMembers	pctMembers
PB1	1	M	162	100.0
PB1	2	D	163	99.39024390243902
PB1	2	V	1	0.6097560975609756
PB1	3	V	164	100.0
PB1	4	N	166	99.40119760479043
PB1	4	Y	1	0.5988023952095808
PB1	5	P	167	99.4047619047619
PB1	5	S	1	0.5952380952380952
PB1	6	T	172	100.0
PB1	7	L	174	100.0
PB1	8	L	176	100.0
PB1	9	F	176	100.0
PB1	10	L	176	100.0
PB1	11	K	176	100.0
PB1	12	I	2	1.1363636363636365
PB1	12	V	174	98.86363636363636
PB1	13	P	176	100.0
PB1	14	A	163	86.70212765957447
PB1	14	T	1	0.5319148936170213
PB1	14	V	24	12.76595744680851
PB1	15	Q	198	100.0
PB1	16	N	198	100.0
PB1	17	A	198	100.0
PB1	18	I	198	100.0
PB1	19	S	198	100.0
PB1	20	T	198	100.0
PB1	21	T	198	100.0
PB1	22	F	198	100.0
PB1	23	L	2	1.0050251256281406
PB1	23	P	197	98.99497487437186
PB1	24	Y	199	100.0
PB1	25	T	199	100.0
PB1	26	G	199	100.0
PB1	27	D	199	100.0
PB1	28	P	199	100.0
PB1	29	P	200	100.0
PB1	30	Y	200	100.0
PB1	31	S	200	100.0
PB1	32	H	200	100.0
PB1	33	G	200	100.0
PB1	34	T	200	100.0
PB1	35	G	200	100.0
PB1	36	T	200	100.0
PB1	37	G	200	100.0
PB1	38	C	1	0.5
PB1	38	Y	199	99.5
PB1	39	T	200	100.0
PB1	40	M	200	100.0
PB1	41	D	198	99.0
PB1	41	G	1	0.5
PB1	41	N	1	0.5
PB1	42	S	1	0.5
PB1	42	T	199	99.5
PB1	43	V	200	100.0
PB1	44	N	197	98.5
PB1	44	T	3	1.5
PB1	45	R	200	100.0
PB1	46	T	200	100.0
PB1	47	H	201	100.0
PB1	48	Q	201	100.0
PB1	49	H	1	0.4975124378109453
PB1	49	Y	200	99.50248756218906
PB1	50	A	1	0.4975124378109453
PB1	50	S	200	99.50248756218906
PB1	51	E	201	100.0
PB1	52	K	182	90.54726368159204
PB1	52	Q	1	0.4975124378109453
PB1	52	R	18	8.955223880597014
PB1	53	G	201	100.0
PB1	54	K	176	87.56218905472637
PB1	54	R	25	12.437810945273633
PB1	55	W	201	100.0
PB1	56	A	2	0.9950248756218906
PB1	56	T	199	99.0049751243781
PB1	57	K	7	3.482587064676617
PB1	57	T	194	96.51741293532338
PB1	58	N	201	100.0
PB1	59	S	1	0.4975124378109453
PB1	59	T	200	99.50248756218906
PB1	60	E	201	100.0
PB1	61	T	203	100.0
PB1	62	G	183	90.14778325123153
PB1	62	K	20	9.852216748768473
PB1	63	A	202	99.50738916256158
PB1	63	E	1	0.49261083743842365
PB1	64	H	2	0.9852216748768473
PB1	64	L	2	0.9852216748768473
PB1	64	P	199	98.0295566502463
PB1	65	Q	203	100.0
PB1	66	L	203	100.0
PB1	67	N	203	100.0
PB1	68	P	203	100.0
PB1	69	I	204	100.0
PB1	70	D	204	100.0
PB1	71	G	204	100.0
PB1	72	P	204	100.0
PB1	73	L	204	100.0
PB1	74	P	204	100.0
PB1	75	D	26	12.745098039215685
PB1	75	E	173	84.80392156862744
PB1	75	K	3	1.4705882352941178
PB1	75	T	2	0.9803921568627451
PB1	76	D	180	88.23529411764706
PB1	76	G	1	0.49019607843137253
PB1	76	N	23	11.27450980392157
PB1	77	H	4	1.9607843137254901
PB1	77	N	200	98.03921568627452
PB1	78	D	1	0.49019607843137253
PB1	78	E	203	99.50980392156863
PB1	79	P	203	99.50980392156863
PB1	79	Q	1	0.49019607843137253
PB1	80	S	204	100.0
PB1	81	G	204	100.0
PB1	82	Y	204	100.0
PB1	83	A	204	100.0
PB1	84	Q	204	100.0
PB1	85	P	1	0.49019607843137253
PB1	85	Q	1	0.49019607843137253
PB1	85	T	202	99.01960784313725
PB1	86	D	204	100.0
PB1	87	C	204	100.0
PB1	88	V	204	100.0
PB1	89	L	204	100.0
PB1	90	E	204	100.0
PB1	91	A	203	99.50980392156863
PB1	91	V	1	0.49019607843137253
PB1	92	M	204	100.0
PB1	93	A	204	100.0
PB1	94	F	204	100.0
PB1	95	L	204	100.0
PB1	96	E	203	99.50980392156863
PB1	96	K	1	0.49019607843137253
PB1	97	A	1	0.49019607843137253
PB1	97	D	1	0.49019607843137253
PB1	97	E	177	86.76470588235294
PB1	97	K	25	12.254901960784315
PB1	98	S	203	99.50980392156863
PB1	98	T	1	0.49019607843137253
PB1	99	H	205	100.0
PB1	100	P	203	99.02439024390245
PB1	100	S	2	0.975609756097561
PB1	101	G	205	100.0
PB1	102	I	189	92.1951219512195
PB1	102	L	16	7.804878048780488
PB1	103	F	205	100.0
PB1	104	E	205	100.0
PB1	105	N	202	98.53658536585365
PB1	105	S	2	0.975609756097561
PB1	105	T	1	0.4878048780487805
PB1	106	S	205	100.0
PB1	107	C	205	100.0
PB1	108	I	10	4.878048780487805
PB1	108	L	195	95.1219512195122
PB1	109	E	206	100.0
PB1	110	T	206	100.0
PB1	111	I	12	5.825242718446602
PB1	111	M	193	93.68932038834951
PB1	111	V	1	0.4854368932038835
PB1	112	E	206	100.0
PB1	113	A	1	0.4854368932038835
PB1	113	F	1	0.4854368932038835
PB1	113	I	56	27.184466019417474
PB1	113	L	1	0.4854368932038835
PB1	113	V	147	71.35922330097087
PB1	114	I	20	9.70873786407767
PB1	114	L	1	0.4854368932038835
PB1	114	V	185	89.80582524271844
PB1	115	H	1	0.4854368932038835
PB1	115	Q	205	99.51456310679612
PB1	116	Q	206	100.0
PB1	117	T	206	100.0
PB1	118	K	1	0.4854368932038835
PB1	118	R	205	99.51456310679612
PB1	119	V	206	100.0
PB1	120	D	206	100.0
PB1	121	K	186	90.29126213592232
PB1	121	R	20	9.70873786407767
PB1	122	L	206	100.0
PB1	123	A	2	0.970873786407767
PB1	123	T	204	99.02912621359224
PB1	124	Q	206	100.0
PB1	125	G	205	99.51456310679612
PB1	125	S	1	0.4854368932038835
PB1	126	R	206	100.0
PB1	127	Q	206	100.0
PB1	128	T	206	100.0
PB1	129	Y	206	100.0
PB1	130	D	206	100.0
PB1	131	W	206	100.0
PB1	132	T	206	100.0
PB1	133	L	206	100.0
PB1	134	N	206	100.0
PB1	135	R	206	100.0
PB1	136	N	206	100.0
PB1	137	Q	206	100.0
PB1	138	P	206	100.0
PB1	139	A	206	100.0
PB1	140	A	206	100.0
PB1	141	T	206	100.0
PB1	142	A	205	99.51456310679612
PB1	142	T	1	0.4854368932038835
PB1	143	L	206	100.0
PB1	144	A	206	100.0
PB1	145	N	205	99.51456310679612
PB1	145	T	1	0.4854368932038835
PB1	146	S	1	0.4854368932038835
PB1	146	T	205	99.51456310679612
PB1	147	I	206	100.0
PB1	148	E	205	99.51456310679612
PB1	148	G	1	0.4854368932038835
PB1	149	I	27	13.106796116504855
PB1	149	V	179	86.89320388349515
PB1	150	F	206	100.0
PB1	151	K	1	0.4854368932038835
PB1	151	R	205	99.51456310679612
PB1	152	L	3	1.4563106796116505
PB1	152	S	201	97.57281553398059
PB1	152	T	2	0.970873786407767
PB1	153	N	206	100.0
PB1	154	D	7	3.3980582524271843
PB1	154	G	190	92.23300970873787
PB1	154	R	1	0.4854368932038835
PB1	154	S	8	3.883495145631068
PB1	155	L	206	100.0
PB1	156	I	5	2.4271844660194173
PB1	156	M	1	0.4854368932038835
PB1	156	T	200	97.0873786407767
PB1	157	A	188	91.2621359223301
PB1	157	I	3	1.4563106796116505
PB1	157	T	15	7.281553398058253
PB1	158	N	205	99.51456310679612
PB1	158	S	1	0.4854368932038835
PB1	159	D	1	0.4854368932038835
PB1	159	E	205	99.51456310679612
PB1	160	S	206	100.0
PB1	161	G	205	99.51456310679612
PB1	161	R	1	0.4854368932038835
PB1	162	R	206	100.0
PB1	163	L	206	100.0
PB1	164	I	206	100.0
PB1	165	D	206	100.0
PB1	166	F	206	100.0
PB1	167	L	206	100.0
PB1	168	K	206	100.0
PB1	169	D	206	100.0
PB1	170	V	206	100.0
PB1	171	A	1	0.4854368932038835
PB1	171	I	18	8.737864077669903
PB1	171	M	177	85.92233009708738
PB1	171	T	10	4.854368932038835
PB1	172	D	21	10.194174757281553
PB1	172	E	181	87.86407766990291
PB1	172	K	4	1.941747572815534
PB1	173	S	206	100.0
PB1	174	I	1	0.4854368932038835
PB1	174	M	203	98.54368932038835
PB1	174	T	2	0.970873786407767
PB1	175	D	180	87.37864077669903
PB1	175	G	1	0.4854368932038835
PB1	175	K	1	0.4854368932038835
PB1	175	N	24	11.650485436893204
PB1	176	K	203	98.54368932038835
PB1	176	R	3	1.4563106796116505
PB1	177	D	1	0.4854368932038835
PB1	177	E	181	87.86407766990291
PB1	177	G	22	10.679611650485437
PB1	177	K	1	0.4854368932038835
PB1	177	R	1	0.4854368932038835
PB1	178	D	1	0.4854368932038835
PB1	178	E	202	98.05825242718447
PB1	178	G	1	0.4854368932038835
PB1	178	K	2	0.970873786407767
PB1	179	I	5	2.4271844660194173
PB1	179	L	1	0.4854368932038835
PB1	179	M	192	93.20388349514563
PB1	179	V	8	3.883495145631068
PB1	180	E	203	98.54368932038835
PB1	180	G	3	1.4563106796116505
PB1	181	I	206	100.0
PB1	182	I	8	3.883495145631068
PB1	182	T	198	96.11650485436893
PB1	183	A	2	0.970873786407767
PB1	183	I	1	0.4854368932038835
PB1	183	T	203	98.54368932038835
PB1	184	H	206	100.0
PB1	185	F	207	100.0
PB1	186	Q	207	100.0
PB1	187	R	207	100.0
PB1	188	K	207	100.0
PB1	189	I	1	0.4830917874396135
PB1	189	R	206	99.51690821256038
PB1	190	R	207	100.0
PB1	191	I	7	3.3816425120772946
PB1	191	V	200	96.61835748792271
PB1	192	K	2	0.966183574879227
PB1	192	R	205	99.03381642512078
PB1	193	D	207	100.0
PB1	194	N	207	100.0
PB1	195	I	2	0.966183574879227
PB1	195	M	198	95.65217391304348
PB1	195	V	7	3.3816425120772946
PB1	196	T	207	100.0
PB1	197	K	206	99.51690821256038
PB1	197	Q	1	0.4830917874396135
PB1	198	K	207	100.0
PB1	199	M	207	100.0
PB1	200	I	5	2.4154589371980677
PB1	200	V	202	97.58454106280193
PB1	201	T	207	100.0
PB1	202	L	1	0.4830917874396135
PB1	202	Q	206	99.51690821256038
PB1	203	R	207	100.0
PB1	204	P	2	0.966183574879227
PB1	204	S	1	0.4830917874396135
PB1	204	T	204	98.55072463768116
PB1	205	I	206	99.51690821256038
PB1	205	M	1	0.4830917874396135
PB1	206	G	207	100.0
PB1	207	K	204	98.55072463768116
PB1	207	R	3	1.4492753623188406
PB1	208	E	1	0.4830917874396135
PB1	208	K	204	98.55072463768116
PB1	208	R	2	0.966183574879227
PB1	209	K	203	98.06763285024155
PB1	209	N	1	0.4830917874396135
PB1	209	R	3	1.4492753623188406
PB1	210	H	5	2.4154589371980677
PB1	210	Q	202	97.58454106280193
PB1	211	G	1	0.4830917874396135
PB1	211	K	21	10.144927536231885
PB1	211	M	1	0.4830917874396135
PB1	211	R	184	88.88888888888889
PB1	212	L	164	79.22705314009661
PB1	212	M	10	4.830917874396135
PB1	212	V	33	15.942028985507246
PB1	213	D	5	2.4154589371980677
PB1	213	I	1	0.4830917874396135
PB1	213	K	2	0.966183574879227
PB1	213	N	182	87.92270531400966
PB1	213	T	17	8.21256038647343
PB1	214	K	184	88.88888888888889
PB1	214	R	23	11.11111111111111
PB1	215	K	52	25.120772946859905
PB1	215	R	155	74.8792270531401
PB1	216	G	14	6.763285024154589
PB1	216	N	2	0.966183574879227
PB1	216	S	191	92.27053140096618
PB1	217	Y	207	100.0
PB1	218	L	207	100.0
PB1	219	I	207	100.0
PB1	220	R	207	100.0
PB1	221	A	207	100.0
PB1	222	L	207	100.0
PB1	223	T	207	100.0
PB1	224	L	207	100.0
PB1	225	N	207	100.0
PB1	226	A	1	0.4830917874396135
PB1	226	T	206	99.51690821256038
PB1	227	M	207	100.0
PB1	228	A	1	0.4830917874396135
PB1	228	T	206	99.51690821256038
PB1	229	E	1	0.4830917874396135
PB1	229	K	206	99.51690821256038
PB1	230	D	207	100.0
PB1	231	A	207	100.0
PB1	232	E	207	100.0
PB1	233	R	207	100.0
PB1	234	G	207	100.0
PB1	235	E	1	0.4830917874396135
PB1	235	K	206	99.51690821256038
PB1	236	L	207	100.0
PB1	237	K	206	99.51690821256038
PB1	237	M	1	0.4830917874396135
PB1	238	R	208	100.0
PB1	239	R	208	100.0
PB1	240	A	208	100.0
PB1	241	I	208	100.0
PB1	242	A	208	100.0
PB1	243	T	208	100.0
PB1	244	P	208	100.0
PB1	245	G	208	100.0
PB1	246	M	208	100.0
PB1	247	H	1	0.4807692307692308
PB1	247	Q	207	99.51923076923077
PB1	248	I	208	100.0
PB1	249	I	1	0.4807692307692308
PB1	249	R	207	99.51923076923077
PB1	250	G	209	100.0
PB1	251	F	209	100.0
PB1	252	M	1	0.4784688995215311
PB1	252	V	208	99.52153110047847
PB1	253	H	19	9.090909090909092
PB1	253	Y	190	90.9090909090909
PB1	254	F	209	100.0
PB1	255	V	209	100.0
PB1	256	E	210	100.0
PB1	257	A	17	8.095238095238095
PB1	257	N	1	0.47619047619047616
PB1	257	T	192	91.42857142857143
PB1	258	L	211	100.0
PB1	259	A	210	99.5260663507109
PB1	259	P	1	0.47393364928909953
PB1	260	R	213	100.0
PB1	261	N	12	5.529953917050691
PB1	261	R	1	0.4608294930875576
PB1	261	S	204	94.00921658986175
PB1	262	I	217	100.0
PB1	263	C	217	100.0
PB1	264	E	216	100.0
PB1	265	K	216	100.0
PB1	266	L	216	100.0
PB1	267	E	215	99.53703703703704
PB1	267	G	1	0.46296296296296297
PB1	268	H	1	0.46511627906976744
PB1	268	Q	214	99.53488372093024
PB1	269	S	213	99.53271028037383
PB1	269	T	1	0.4672897196261682
PB1	270	G	213	100.0
PB1	271	L	213	100.0
PB1	272	P	213	100.0
PB1	273	I	1	0.4716981132075472
PB1	273	V	211	99.52830188679245
PB1	274	G	212	100.0
PB1	275	G	212	100.0
PB1	276	N	212	100.0
PB1	277	E	212	100.0
PB1	278	K	210	99.05660377358491
PB1	278	N	1	0.4716981132075472
PB1	278	Q	1	0.4716981132075472
PB1	279	K	212	100.0
PB1	280	A	212	100.0
PB1	281	K	212	100.0
PB1	282	L	212	100.0
PB1	283	A	212	100.0
PB1	284	N	212	100.0
PB1	285	V	212	100.0
PB1	286	V	212	100.0
PB1	287	R	212	100.0
PB1	288	K	212	100.0
PB1	289	M	212	100.0
PB1	290	M	212	100.0
PB1	291	T	212	100.0
PB1	292	N	210	99.05660377358491
PB1	292	S	2	0.9433962264150944
PB1	293	S	212	100.0
PB1	294	K	2	0.9433962264150944
PB1	294	Q	210	99.05660377358491
PB1	295	D	212	100.0
PB1	296	T	212	100.0
PB1	297	E	212	100.0
PB1	298	I	7	3.30188679245283
PB1	298	L	205	96.69811320754717
PB1	299	F	1	0.4716981132075472
PB1	299	S	211	99.52830188679245
PB1	300	F	212	100.0
PB1	301	T	212	100.0
PB1	302	I	195	91.98113207547169
PB1	302	V	17	8.018867924528301
PB1	303	T	212	100.0
PB1	304	G	212	100.0
PB1	305	D	212	100.0
PB1	306	N	211	99.52830188679245
PB1	306	S	1	0.4716981132075472
PB1	307	A	1	0.4716981132075472
PB1	307	T	211	99.52830188679245
PB1	308	K	212	100.0
PB1	309	W	212	100.0
PB1	310	N	215	100.0
PB1	311	E	215	100.0
PB1	312	N	215	100.0
PB1	313	Q	215	100.0
PB1	314	N	215	100.0
PB1	315	P	215	100.0
PB1	316	R	215	100.0
PB1	317	I	17	7.906976744186046
PB1	317	M	171	79.53488372093024
PB1	317	V	27	12.55813953488372
PB1	318	F	215	100.0
PB1	319	L	214	99.53488372093024
PB1	319	M	1	0.46511627906976744
PB1	320	A	215	100.0
PB1	321	M	215	100.0
PB1	322	I	213	99.06976744186046
PB1	322	M	1	0.46511627906976744
PB1	322	V	1	0.46511627906976744
PB1	323	T	215	100.0
PB1	324	Y	215	100.0
PB1	325	I	211	98.13953488372093
PB1	325	M	4	1.8604651162790697
PB1	326	T	215	100.0
PB1	327	K	40	18.6046511627907
PB1	327	R	175	81.3953488372093
PB1	328	D	8	3.7383177570093458
PB1	328	K	21	9.813084112149532
PB1	328	N	185	86.44859813084112
PB1	329	Q	214	100.0
PB1	330	P	214	100.0
PB1	331	D	4	1.8691588785046729
PB1	331	E	210	98.13084112149532
PB1	332	W	214	100.0
PB1	333	F	214	100.0
PB1	334	R	214	100.0
PB1	335	N	214	100.0
PB1	336	I	31	14.553990610328638
PB1	336	V	182	85.44600938967136
PB1	337	L	213	100.0
PB1	338	S	213	100.0
PB1	339	I	212	99.53051643192488
PB1	339	V	1	0.4694835680751174
PB1	340	A	213	100.0
PB1	341	P	213	100.0
PB1	342	I	213	100.0
PB1	343	M	213	100.0
PB1	344	F	213	100.0
PB1	345	S	213	100.0
PB1	346	D	2	0.9389671361502347
PB1	346	N	211	99.06103286384976
PB1	347	K	212	100.0
PB1	348	L	1	0.4716981132075472
PB1	348	M	209	98.58490566037736
PB1	348	V	2	0.9433962264150944
PB1	349	A	212	100.0
PB1	350	K	6	2.830188679245283
PB1	350	R	206	97.16981132075472
PB1	351	L	212	100.0
PB1	352	G	212	100.0
PB1	353	K	211	99.52830188679245
PB1	353	R	1	0.4716981132075472
PB1	354	G	212	100.0
PB1	355	Y	212	100.0
PB1	356	M	212	100.0
PB1	357	F	212	100.0
PB1	358	E	209	98.58490566037736
PB1	358	G	1	0.4716981132075472
PB1	358	K	2	0.9433962264150944
PB1	359	S	212	100.0
PB1	360	K	211	99.52830188679245
PB1	360	R	1	0.4716981132075472
PB1	361	I	3	1.4150943396226414
PB1	361	N	2	0.9433962264150944
PB1	361	R	24	11.320754716981131
PB1	361	S	183	86.32075471698113
PB1	362	M	212	100.0
PB1	363	K	212	100.0
PB1	364	I	4	1.8867924528301887
PB1	364	L	207	97.64150943396227
PB1	364	V	1	0.4716981132075472
PB1	365	R	212	100.0
PB1	366	A	1	0.4716981132075472
PB1	366	T	211	99.52830188679245
PB1	367	Q	212	100.0
PB1	368	I	210	99.5260663507109
PB1	368	V	1	0.47393364928909953
PB1	369	P	207	98.10426540284361
PB1	369	Q	4	1.8957345971563981
PB1	370	A	211	100.0
PB1	371	E	212	100.0
PB1	372	I	2	0.9433962264150944
PB1	372	K	1	0.4716981132075472
PB1	372	M	209	98.58490566037736
PB1	373	I	8	3.7914691943127963
PB1	373	L	203	96.2085308056872
PB1	374	A	207	98.10426540284361
PB1	374	T	4	1.8957345971563981
PB1	375	K	1	0.47619047619047616
PB1	375	N	100	47.61904761904762
PB1	375	S	89	42.38095238095238
PB1	375	T	20	9.523809523809524
PB1	376	I	208	99.04761904761905
PB1	376	V	2	0.9523809523809523
PB1	377	A	1	0.4807692307692308
PB1	377	D	206	99.03846153846153
PB1	377	N	1	0.4807692307692308
PB1	378	L	208	100.0
PB1	379	K	204	98.07692307692308
PB1	379	R	4	1.9230769230769231
PB1	380	Y	208	100.0
PB1	381	F	209	100.0
PB1	382	N	209	100.0
PB1	383	D	10	4.761904761904762
PB1	383	E	200	95.23809523809524
PB1	384	A	4	1.9047619047619047
PB1	384	L	7	3.3333333333333335
PB1	384	P	1	0.47619047619047616
PB1	384	S	197	93.80952380952381
PB1	384	V	1	0.47619047619047616
PB1	385	T	210	100.0
PB1	386	K	15	7.142857142857143
PB1	386	R	195	92.85714285714286
PB1	387	E	3	1.4285714285714286
PB1	387	K	194	92.38095238095238
PB1	387	N	1	0.47619047619047616
PB1	387	Q	12	5.714285714285714
PB1	388	K	209	100.0
PB1	389	I	210	100.0
PB1	390	E	202	96.19047619047619
PB1	390	I	1	0.47619047619047616
PB1	390	K	7	3.3333333333333335
PB1	391	K	208	99.04761904761905
PB1	391	R	2	0.9523809523809523
PB1	392	I	210	100.0
PB1	393	R	209	100.0
PB1	394	P	207	100.0
PB1	395	L	207	100.0
PB1	396	L	207	100.0
PB1	397	I	200	96.61835748792271
PB1	397	L	2	0.966183574879227
PB1	397	M	1	0.4830917874396135
PB1	397	R	1	0.4830917874396135
PB1	397	T	3	1.4492753623188406
PB1	398	D	165	79.71014492753623
PB1	398	E	41	19.806763285024154
PB1	398	N	1	0.4830917874396135
PB1	399	G	206	100.0
PB1	400	T	206	100.0
PB1	401	A	187	91.21951219512195
PB1	401	V	18	8.78048780487805
PB1	402	A	1	0.4878048780487805
PB1	402	S	204	99.51219512195122
PB1	403	L	205	100.0
PB1	404	S	204	100.0
PB1	405	P	204	100.0
PB1	406	G	204	100.0
PB1	407	M	204	100.0
PB1	408	M	204	100.0
PB1	409	M	204	100.0
PB1	410	G	204	100.0
PB1	411	M	204	100.0
PB1	412	F	204	100.0
PB1	413	N	201	99.5049504950495
PB1	413	S	1	0.49504950495049505
PB1	414	M	202	100.0
PB1	415	L	199	100.0
PB1	416	S	199	100.0
PB1	417	T	199	100.0
PB1	418	V	199	100.0
PB1	419	L	199	100.0
PB1	420	G	199	100.0
PB1	421	V	199	100.0
PB1	422	S	199	100.0
PB1	423	I	198	99.49748743718592
PB1	423	V	1	0.5025125628140703
PB1	424	L	198	99.49748743718592
PB1	424	M	1	0.5025125628140703
PB1	425	N	199	100.0
PB1	426	I	8	4.0201005025125625
PB1	426	L	190	95.47738693467336
PB1	426	V	1	0.5025125628140703
PB1	427	G	199	100.0
PB1	428	Q	199	100.0
PB1	429	K	199	100.0
PB1	430	G	1	0.5025125628140703
PB1	430	K	51	25.628140703517587
PB1	430	R	147	73.86934673366834
PB1	431	H	1	0.5025125628140703
PB1	431	Y	198	99.49748743718592
PB1	432	T	199	100.0
PB1	433	K	198	99.49748743718592
PB1	433	R	1	0.5025125628140703
PB1	434	T	199	100.0
PB1	435	T	199	100.0
PB1	436	Y	199	100.0
PB1	437	W	199	100.0
PB1	438	R	3	1.5075376884422111
PB1	438	W	196	98.49246231155779
PB1	439	D	199	100.0
PB1	440	G	198	100.0
PB1	441	L	198	100.0
PB1	442	Q	198	100.0
PB1	443	S	198	100.0
PB1	444	S	198	100.0
PB1	445	D	198	100.0
PB1	446	D	198	100.0
PB1	447	F	198	100.0
PB1	448	A	198	100.0
PB1	449	L	198	100.0
PB1	450	I	198	100.0
PB1	451	V	198	100.0
PB1	452	N	198	100.0
PB1	453	A	198	100.0
PB1	454	L	6	3.0303030303030303
PB1	454	P	191	96.46464646464646
PB1	454	Q	1	0.5050505050505051
PB1	455	D	11	5.555555555555555
PB1	455	N	186	93.93939393939394
PB1	455	S	1	0.5050505050505051
PB1	456	H	185	93.43434343434343
PB1	456	L	1	0.5050505050505051
PB1	456	R	7	3.5353535353535355
PB1	456	Y	5	2.525252525252525
PB1	457	A	5	2.525252525252525
PB1	457	E	192	96.96969696969697
PB1	457	G	1	0.5050505050505051
PB1	458	G	197	100.0
PB1	459	I	196	100.0
PB1	460	Q	196	100.0
PB1	461	A	196	100.0
PB1	462	G	196	100.0
PB1	463	L	1	0.5102040816326531
PB1	463	V	195	99.48979591836735
PB1	464	D	182	92.85714285714286
PB1	464	N	14	7.142857142857143
PB1	465	R	196	100.0
PB1	466	F	196	100.0
PB1	467	F	1	0.5102040816326531
PB1	467	Y	195	99.48979591836735
PB1	468	R	196	100.0
PB1	469	A	1	0.5376344086021505
PB1	469	I	1	0.5376344086021505
PB1	469	T	184	98.9247311827957
PB1	470	C	186	100.0
PB1	471	K	186	100.0
PB1	472	L	186	100.0
PB1	473	A	1	0.5405405405405406
PB1	473	L	10	5.405405405405405
PB1	473	V	174	94.05405405405405
PB1	474	G	185	100.0
PB1	475	I	185	100.0
PB1	476	N	185	100.0
PB1	477	M	185	100.0
PB1	478	S	185	100.0
PB1	479	K	185	100.0
PB1	480	K	184	99.45945945945945
PB1	480	R	1	0.5405405405405406
PB1	481	K	184	99.45945945945945
PB1	481	T	1	0.5405405405405406
PB1	482	S	185	100.0
PB1	483	Y	185	100.0
PB1	484	I	184	100.0
PB1	485	N	184	100.0
PB1	486	K	22	11.956521739130435
PB1	486	L	1	0.5434782608695652
PB1	486	Q	2	1.0869565217391304
PB1	486	R	159	86.41304347826087
PB1	487	T	184	100.0
PB1	488	G	183	100.0
PB1	489	T	183	100.0
PB1	490	F	183	100.0
PB1	491	E	183	100.0
PB1	492	F	183	100.0
PB1	493	T	183	100.0
PB1	494	S	182	100.0
PB1	495	F	156	98.73417721518987
PB1	495	L	2	1.2658227848101267
PB1	496	F	156	98.73417721518987
PB1	496	L	2	1.2658227848101267
PB1	497	C	1	0.6451612903225806
PB1	497	Y	154	99.35483870967742
PB1	498	R	155	100.0
PB1	499	S	1	0.6451612903225806
PB1	499	Y	154	99.35483870967742
PB1	500	G	155	100.0
PB1	501	F	154	100.0
PB1	502	E	2	1.3071895424836601
PB1	502	V	151	98.69281045751634
PB1	503	A	153	100.0
PB1	504	N	152	100.0
PB1	505	F	152	100.0
PB1	506	S	152	100.0
PB1	507	I	1	0.6578947368421053
PB1	507	M	150	98.6842105263158
PB1	507	T	1	0.6578947368421053
PB1	508	E	151	99.34210526315789
PB1	508	G	1	0.6578947368421053
PB1	509	L	152	100.0
PB1	510	P	152	100.0
PB1	511	S	152	100.0
PB1	512	F	152	100.0
PB1	513	G	152	100.0
PB1	514	V	151	100.0
PB1	515	S	151	100.0
PB1	516	G	151	100.0
PB1	517	I	137	90.72847682119205
PB1	517	V	14	9.271523178807946
PB1	518	N	151	100.0
PB1	519	E	151	100.0
PB1	520	S	151	100.0
PB1	521	A	149	98.67549668874172
PB1	521	V	2	1.3245033112582782
PB1	522	D	151	100.0
PB1	523	M	151	100.0
PB1	524	S	151	100.0
PB1	525	I	151	100.0
PB1	526	E	1	0.6622516556291391
PB1	526	G	150	99.33774834437087
PB1	527	I	1	0.6622516556291391
PB1	527	V	150	99.33774834437087
PB1	528	T	151	100.0
PB1	529	V	151	100.0
PB1	530	I	151	100.0
PB1	531	K	150	99.33774834437087
PB1	531	R	1	0.6622516556291391
PB1	532	N	150	99.33774834437087
PB1	532	T	1	0.6622516556291391
PB1	533	N	150	99.33774834437087
PB1	533	S	1	0.6622516556291391
PB1	534	M	150	99.33774834437087
PB1	534	V	1	0.6622516556291391
PB1	535	I	149	99.33333333333333
PB1	535	V	1	0.6666666666666666
PB1	536	N	150	100.0
PB1	537	N	150	100.0
PB1	538	D	148	98.66666666666667
PB1	538	G	1	0.6666666666666666
PB1	538	V	1	0.6666666666666666
PB1	539	L	150	100.0
PB1	540	G	150	100.0
PB1	541	P	150	100.0
PB1	542	A	150	100.0
PB1	543	T	150	100.0
PB1	544	A	150	100.0
PB1	545	H	1	0.6666666666666666
PB1	545	Q	149	99.33333333333333
PB1	546	L	2	1.3333333333333333
PB1	546	M	148	98.66666666666667
PB1	547	A	149	99.33333333333333
PB1	547	V	1	0.6666666666666666
PB1	548	F	1	0.6666666666666666
PB1	548	L	149	99.33333333333333
PB1	549	Q	150	100.0
PB1	550	L	150	100.0
PB1	551	F	149	99.33333333333333
PB1	551	L	1	0.6666666666666666
PB1	552	I	149	99.33333333333333
PB1	552	T	1	0.6666666666666666
PB1	553	K	150	100.0
PB1	554	D	150	100.0
PB1	555	Y	150	100.0
PB1	556	R	150	100.0
PB1	557	Y	150	100.0
PB1	558	Q	1	0.6666666666666666
PB1	558	S	1	0.6666666666666666
PB1	558	T	148	98.66666666666667
PB1	559	Y	150	100.0
PB1	560	R	150	100.0
PB1	561	C	148	98.66666666666667
PB1	561	R	1	0.6666666666666666
PB1	561	S	1	0.6666666666666666
PB1	562	H	150	100.0
PB1	563	R	150	100.0
PB1	564	G	150	100.0
PB1	565	D	149	99.33333333333333
PB1	565	H	1	0.6666666666666666
PB1	566	S	1	0.6666666666666666
PB1	566	T	149	99.33333333333333
PB1	567	Q	150	100.0
PB1	568	I	149	99.33333333333333
PB1	568	V	1	0.6666666666666666
PB1	569	H	2	1.3333333333333333
PB1	569	P	1	0.6666666666666666
PB1	569	Q	147	98.0
PB1	570	T	150	100.0
PB1	571	G	1	0.6666666666666666
PB1	571	K	1	0.6666666666666666
PB1	571	R	148	98.66666666666667
PB1	572	R	150	100.0
PB1	573	A	3	2.0
PB1	573	S	147	98.0
PB1	574	F	149	99.33333333333333
PB1	574	L	1	0.6666666666666666
PB1	575	E	150	100.0
PB1	576	I	10	6.666666666666667
PB1	576	L	140	93.33333333333333
PB1	577	E	1	0.6666666666666666
PB1	577	K	148	98.66666666666667
PB1	577	R	1	0.6666666666666666
PB1	578	K	150	100.0
PB1	579	L	150	100.0
PB1	580	W	150	100.0
PB1	581	D	25	16.666666666666668
PB1	581	E	125	83.33333333333333
PB1	582	H	1	0.6666666666666666
PB1	582	Q	149	99.33333333333333
PB1	583	T	150	100.0
PB1	584	H	11	7.333333333333333
PB1	584	K	2	1.3333333333333333
PB1	584	Q	17	11.333333333333334
PB1	584	R	120	80.0
PB1	585	S	150	100.0
PB1	586	K	139	92.66666666666667
PB1	586	R	11	7.333333333333333
PB1	587	A	138	92.61744966442953
PB1	587	T	11	7.382550335570469
PB1	588	G	149	100.0
PB1	589	L	148	99.32885906040268
PB1	589	P	1	0.6711409395973155
PB1	590	F	1	0.6711409395973155
PB1	590	L	148	99.32885906040268
PB1	591	I	3	2.0134228187919465
PB1	591	V	146	97.98657718120805
PB1	592	S	149	100.0
PB1	593	D	149	100.0
PB1	594	G	149	100.0
PB1	595	G	149	100.0
PB1	596	P	134	89.93288590604027
PB1	596	S	15	10.06711409395973
PB1	597	N	149	100.0
PB1	598	L	149	100.0
PB1	599	Y	149	100.0
PB1	600	N	149	100.0
PB1	601	I	149	100.0
PB1	602	R	149	100.0
PB1	603	N	149	100.0
PB1	604	L	148	99.32885906040268
PB1	604	P	1	0.6711409395973155
PB1	605	H	149	100.0
PB1	606	I	149	100.0
PB1	607	P	149	100.0
PB1	608	E	149	100.0
PB1	609	A	2	1.342281879194631
PB1	609	V	147	98.65771812080537
PB1	610	C	149	100.0
PB1	611	L	149	100.0
PB1	612	K	149	100.0
PB1	613	W	149	100.0
PB1	614	D	4	2.684563758389262
PB1	614	E	145	97.31543624161074
PB1	615	L	149	100.0
PB1	616	M	149	100.0
PB1	617	D	149	100.0
PB1	618	E	149	100.0
PB1	619	D	142	95.30201342281879
PB1	619	E	1	0.6711409395973155
PB1	619	N	6	4.026845637583893
PB1	620	Y	149	100.0
PB1	621	K	13	8.724832214765101
PB1	621	Q	106	71.14093959731544
PB1	621	R	30	20.13422818791946
PB1	622	G	149	100.0
PB1	623	K	1	0.6711409395973155
PB1	623	R	148	99.32885906040268
PB1	624	L	149	100.0
PB1	625	C	149	100.0
PB1	626	N	149	100.0
PB1	627	P	149	100.0
PB1	628	L	149	100.0
PB1	629	N	149	100.0
PB1	630	P	149	100.0
PB1	631	F	149	100.0
PB1	632	A	1	0.6711409395973155
PB1	632	I	1	0.6711409395973155
PB1	632	V	147	98.65771812080537
PB1	633	N	2	1.342281879194631
PB1	633	S	146	97.98657718120805
PB1	633	T	1	0.6711409395973155
PB1	634	H	149	100.0
PB1	635	K	149	100.0
PB1	636	D	1	0.6711409395973155
PB1	636	E	148	99.32885906040268
PB1	637	I	141	94.63087248322148
PB1	637	V	8	5.369127516778524
PB1	638	D	1	0.6711409395973155
PB1	638	E	148	99.32885906040268
PB1	639	S	149	100.0
PB1	640	A	2	1.342281879194631
PB1	640	I	2	1.342281879194631
PB1	640	M	3	2.0134228187919465
PB1	640	V	142	95.30201342281879
PB1	641	N	149	100.0
PB1	642	N	140	93.95973154362416
PB1	642	S	9	6.040268456375839
PB1	643	A	149	100.0
PB1	644	V	149	100.0
PB1	645	I	1	0.6711409395973155
PB1	645	M	9	6.040268456375839
PB1	645	V	139	93.28859060402685
PB1	646	M	149	100.0
PB1	647	P	149	100.0
PB1	648	A	146	99.31972789115646
PB1	648	T	1	0.6802721088435374
PB1	649	H	147	100.0
PB1	650	G	147	100.0
PB1	651	P	147	100.0
PB1	652	A	146	99.31972789115646
PB1	652	T	1	0.6802721088435374
PB1	653	K	147	100.0
PB1	654	G	1	0.6802721088435374
PB1	654	I	2	1.3605442176870748
PB1	654	N	10	6.802721088435374
PB1	654	S	134	91.15646258503402
PB1	655	I	1	0.6802721088435374
PB1	655	M	145	98.63945578231292
PB1	655	V	1	0.6802721088435374
PB1	656	E	147	100.0
PB1	657	Y	147	100.0
PB1	658	D	146	99.31972789115646
PB1	658	E	1	0.6802721088435374
PB1	659	A	147	100.0
PB1	660	A	1	0.6802721088435374
PB1	660	V	146	99.31972789115646
PB1	661	A	147	100.0
PB1	662	S	1	0.6802721088435374
PB1	662	T	146	99.31972789115646
PB1	663	T	147	100.0
PB1	664	H	147	100.0
PB1	665	S	147	100.0
PB1	666	W	147	100.0
PB1	667	I	121	82.31292517006803
PB1	667	T	12	8.16326530612245
PB1	667	V	14	9.523809523809524
PB1	668	P	146	99.31972789115646
PB1	668	S	1	0.6802721088435374
PB1	669	K	147	100.0
PB1	670	R	147	100.0
PB1	671	N	147	100.0
PB1	672	R	147	100.0
PB1	673	S	145	98.63945578231292
PB1	673	T	2	1.3605442176870748
PB1	674	I	147	100.0
PB1	675	L	147	100.0
PB1	676	N	147	100.0
PB1	677	T	147	100.0
PB1	678	S	147	100.0
PB1	679	P	1	0.6802721088435374
PB1	679	Q	146	99.31972789115646
PB1	680	R	147	100.0
PB1	681	G	147	100.0
PB1	682	I	144	97.95918367346938
PB1	682	V	3	2.0408163265306123
PB1	683	L	147	100.0
PB1	684	E	146	99.31972789115646
PB1	684	G	1	0.6802721088435374
PB1	685	D	147	100.0
PB1	686	E	146	99.31972789115646
PB1	686	G	1	0.6802721088435374
PB1	687	K	1	0.6802721088435374
PB1	687	Q	146	99.31972789115646
PB1	688	M	147	100.0
PB1	689	Y	147	100.0
PB1	690	Q	147	100.0
PB1	691	K	138	93.87755102040816
PB1	691	R	9	6.122448979591836
PB1	692	C	147	100.0
PB1	693	*	1	0.6802721088435374
PB1	693	C	146	99.31972789115646
PB1	694	I	1	0.6802721088435374
PB1	694	N	133	90.47619047619048
PB1	694	S	4	2.7210884353741496
PB1	694	T	9	6.122448979591836
PB1	695	L	147	100.0
PB1	696	F	146	99.31972789115646
PB1	696	L	1	0.6802721088435374
PB1	697	E	146	100.0
PB1	698	K	146	100.0
PB1	699	F	146	100.0
PB1	700	F	145	99.31506849315069
PB1	700	L	1	0.684931506849315
PB1	701	L	1	0.684931506849315
PB1	701	P	145	99.31506849315069
PB1	702	S	146	100.0
PB1	703	S	146	100.0
PB1	704	S	146	100.0
PB1	705	Y	146	100.0
PB1	706	R	145	99.31506849315069
PB1	706	W	1	0.684931506849315
PB1	707	G	1	0.684931506849315
PB1	707	R	145	99.31506849315069
PB1	708	P	146	100.0
PB1	709	I	3	2.0547945205479454
PB1	709	V	143	97.94520547945206
PB1	710	G	146	100.0
PB1	711	I	146	100.0
PB1	712	S	146	100.0
PB1	713	I	1	0.684931506849315
PB1	713	N	1	0.684931506849315
PB1	713	S	144	98.63013698630137
PB1	714	M	146	100.0
PB1	715	M	8	5.47945205479452
PB1	715	V	138	94.52054794520548
PB1	716	E	146	100.0
PB1	717	A	146	100.0
PB1	718	M	145	100.0
PB1	719	I	1	0.6896551724137931
PB1	719	M	2	1.3793103448275863
PB1	719	V	142	97.93103448275862
PB1	720	F	1	0.6896551724137931
PB1	720	S	144	99.3103448275862
PB1	721	R	145	100.0
PB1	722	A	145	100.0
PB1	723	R	144	100.0
PB1	724	I	143	100.0
PB1	725	D	143	100.0
PB1	726	A	143	100.0
PB1	727	R	142	100.0
PB1	728	I	141	99.29577464788733
PB1	728	V	1	0.704225352112676
PB1	729	D	137	96.47887323943662
PB1	729	E	4	2.816901408450704
PB1	729	I	1	0.704225352112676
PB1	730	F	142	100.0
PB1	731	E	140	100.0
PB1	732	A	1	0.7194244604316546
PB1	732	S	138	99.28057553956835
PB1	733	G	138	100.0
PB1	734	R	138	100.0
PB1	735	I	137	100.0
PB1	736	K	137	100.0
PB1	737	K	136	100.0
PB1	738	E	136	100.0
PB1	739	D	2	1.4705882352941178
PB1	739	E	134	98.52941176470588
PB1	740	F	124	100.0
PB1	741	A	108	87.09677419354838
PB1	741	S	10	8.064516129032258
PB1	741	T	6	4.838709677419355
PB1	742	E	124	100.0
PB1	743	I	124	100.0
PB1	744	L	8	6.451612903225806
PB1	744	M	107	86.29032258064517
PB1	744	T	9	7.258064516129032
PB1	745	K	122	98.38709677419355
PB1	745	R	2	1.6129032258064515
PB1	746	I	120	96.7741935483871
PB1	746	T	4	3.225806451612903
PB1	747	C	124	100.0
PB1	748	S	124	100.0
PB1	749	T	124	100.0
PB1	750	I	122	100.0
PB1	751	E	121	99.18032786885246
PB1	751	G	1	0.819672131147541
PB1	752	D	4	3.5714285714285716
PB1	752	E	108	96.42857142857143
PB1	753	L	111	100.0
PB1	754	G	7	6.306306306306307
PB1	754	R	104	93.69369369369369
PB1	755	R	110	100.0
PB1	756	H	2	1.8181818181818181
PB1	756	Q	108	98.18181818181819
PB1	757	G	1	0.9803921568627451
PB1	757	K	98	96.07843137254902
PB1	757	R	3	2.9411764705882355
